# Host: localhost  (Version: 5.0.37-community-nt)
# Date: 2014-06-20 09:40:40
# Generator: MySQL-Front 5.3  (Build 4.75)

/*!40101 SET NAMES utf8 */;

#
# Structure for table "berita"
#

DROP TABLE IF EXISTS `berita`;
CREATE TABLE `berita` (
  `id_berita` int(11) NOT NULL auto_increment,
  `id_user` int(11) NOT NULL,
  `berita` text,
  `sumber` varchar(100) default NULL,
  `url` varchar(200) default NULL,
  `create` timestamp NULL default NULL,
  PRIMARY KEY  (`id_berita`),
  KEY `fk_berita_user1_idx` (`id_user`)
) ENGINE=MyISAM DEFAULT CHARSET=utf8;

#
# Data for table "berita"
#

/*!40000 ALTER TABLE `berita` DISABLE KEYS */;
/*!40000 ALTER TABLE `berita` ENABLE KEYS */;

#
# Structure for table "hak_akses"
#

DROP TABLE IF EXISTS `hak_akses`;
CREATE TABLE `hak_akses` (
  `id_modul` int(2) NOT NULL,
  `id_group` int(2) NOT NULL,
  KEY `fk_hak_akses_group1_idx` (`id_group`)
) ENGINE=MyISAM DEFAULT CHARSET=utf8;

#
# Data for table "hak_akses"
#

/*!40000 ALTER TABLE `hak_akses` DISABLE KEYS */;
INSERT INTO `hak_akses` VALUES (1,2),(2,2),(6,2),(7,2),(8,2),(3,2),(9,2),(4,2),(13,2),(5,2),(15,2),(16,2),(1,1),(2,1),(6,1),(7,1),(8,1),(3,1),(9,1),(4,1),(10,1),(11,1),(12,1),(13,1),(5,1),(14,1),(15,1),(16,1);
/*!40000 ALTER TABLE `hak_akses` ENABLE KEYS */;

#
# Structure for table "log"
#

DROP TABLE IF EXISTS `log`;
CREATE TABLE `log` (
  `id_log` int(11) NOT NULL,
  `id_modul` int(11) NOT NULL,
  `id_user` int(11) NOT NULL,
  `message` varchar(100) collate utf8_unicode_ci default NULL,
  `waktu` timestamp NULL default NULL,
  PRIMARY KEY  (`id_log`),
  KEY `fk_log_mst_modul1_idx` (`id_modul`),
  KEY `fk_log_user1_idx` (`id_user`)
) ENGINE=MyISAM DEFAULT CHARSET=utf8 COLLATE=utf8_unicode_ci;

#
# Data for table "log"
#

/*!40000 ALTER TABLE `log` DISABLE KEYS */;
/*!40000 ALTER TABLE `log` ENABLE KEYS */;

#
# Structure for table "mst_modul"
#

DROP TABLE IF EXISTS `mst_modul`;
CREATE TABLE `mst_modul` (
  `id_modul` int(11) NOT NULL auto_increment,
  `modul` varchar(45) collate utf8_unicode_ci default NULL,
  `modul_parent` int(2) NOT NULL default '0',
  `path` varchar(100) collate utf8_unicode_ci NOT NULL default '#',
  PRIMARY KEY  (`id_modul`)
) ENGINE=MyISAM AUTO_INCREMENT=17 DEFAULT CHARSET=utf8 COLLATE=utf8_unicode_ci ROW_FORMAT=DYNAMIC;

#
# Data for table "mst_modul"
#

/*!40000 ALTER TABLE `mst_modul` DISABLE KEYS */;
INSERT INTO `mst_modul` VALUES (1,'Beranda',0,'#'),(2,'Sumbangan',0,'#'),(3,'Konten',0,'#'),(4,'Pengguna',0,'#'),(5,'Konfigurasi',0,'#'),(6,'Penyumbang',2,'penyumbang'),(7,'Berdasar Bank',2,'bank'),(8,'Total Sementara',2,'total'),(9,'Relawan',3,'relawan'),(10,'Data Operator',4,'operator'),(11,'Group',4,'group'),(12,'Hak Akses',4,'akses'),(13,'Data Pribadi',4,'pribadi'),(14,'Umum',5,'konfigurasi'),(15,'Catatan Sistem',5,'log'),(16,'Tentang',5,'tentang');
/*!40000 ALTER TABLE `mst_modul` ENABLE KEYS */;

#
# Structure for table "penyumbang"
#

DROP TABLE IF EXISTS `penyumbang`;
CREATE TABLE `penyumbang` (
  `id_penyumbang` int(11) NOT NULL auto_increment,
  `nama` varchar(45) default NULL,
  `bank_transfer` enum('BCA','BRI','MANDIRI') NOT NULL,
  `kota` varchar(45) character set utf8 collate utf8_unicode_ci NOT NULL,
  `akun_bank` enum('BCA','BRI','MANDIRI') character set utf8 collate utf8_unicode_ci NOT NULL,
  `nominal` decimal(13,0) default NULL,
  `tgl` date default NULL,
  `no_identitas` varchar(25) character set utf8 collate utf8_roman_ci NOT NULL,
  `npwp` varchar(25) character set utf8 collate utf8_unicode_ci NOT NULL,
  `alamat` text character set utf8 collate utf8_unicode_ci NOT NULL,
  `telp` varchar(50) default NULL,
  `pekerjaan` varchar(100) character set utf8 collate utf8_unicode_ci NOT NULL,
  `kantor` varchar(200) character set utf8 collate utf8_unicode_ci NOT NULL,
  `asal_dana` varchar(200) character set utf8 collate utf8_unicode_ci NOT NULL,
  `create` timestamp NULL default CURRENT_TIMESTAMP on update CURRENT_TIMESTAMP,
  PRIMARY KEY  (`id_penyumbang`)
) ENGINE=MyISAM AUTO_INCREMENT=2 DEFAULT CHARSET=utf8;

#
# Data for table "penyumbang"
#

/*!40000 ALTER TABLE `penyumbang` DISABLE KEYS */;
INSERT INTO `penyumbang` VALUES (1,'Eddy Subratha','BRI','Yogyakarta','',1000000,'2014-04-01','112','123 345','Jalan Raya Bantul',NULL,'Swasta','Sambisari Yogyakarta','Pribadi','2014-06-20 07:29:20');
/*!40000 ALTER TABLE `penyumbang` ENABLE KEYS */;

#
# Structure for table "relawan"
#

DROP TABLE IF EXISTS `relawan`;
CREATE TABLE `relawan` (
  `id_relawan` int(11) NOT NULL auto_increment,
  `nama_relawan` varchar(100) default NULL,
  `url` varchar(200) character set utf8 collate utf8_unicode_ci NOT NULL,
  PRIMARY KEY  (`id_relawan`)
) ENGINE=MyISAM AUTO_INCREMENT=5 DEFAULT CHARSET=utf8;

#
# Data for table "relawan"
#

/*!40000 ALTER TABLE `relawan` DISABLE KEYS */;
INSERT INTO `relawan` VALUES (1,'Sahabat Jokowi',''),(2,'Laskar Jokowi','');
/*!40000 ALTER TABLE `relawan` ENABLE KEYS */;

#
# Structure for table "settings"
#

DROP TABLE IF EXISTS `settings`;
CREATE TABLE `settings` (
  `app_name` varchar(45) collate utf8_unicode_ci default NULL,
  `versi` varchar(45) collate utf8_unicode_ci default NULL,
  `bca` decimal(15,2) NOT NULL,
  `bri` decimal(15,2) NOT NULL,
  `mandiri` decimal(15,2) NOT NULL,
  `date_update` timestamp NOT NULL default CURRENT_TIMESTAMP on update CURRENT_TIMESTAMP
) ENGINE=MyISAM DEFAULT CHARSET=utf8 COLLATE=utf8_unicode_ci;

#
# Data for table "settings"
#

/*!40000 ALTER TABLE `settings` DISABLE KEYS */;
/*!40000 ALTER TABLE `settings` ENABLE KEYS */;

#
# Structure for table "sumbangan"
#

DROP TABLE IF EXISTS `sumbangan`;
CREATE TABLE `sumbangan` (
  `id_sumbangan` int(11) NOT NULL auto_increment,
  `bca` decimal(15,2) NOT NULL,
  `bri` decimal(15,2) NOT NULL,
  `mandiri` decimal(15,2) NOT NULL,
  `tanggal` date NOT NULL,
  `operator` int(11) NOT NULL,
  `date_create` timestamp NOT NULL default CURRENT_TIMESTAMP on update CURRENT_TIMESTAMP,
  PRIMARY KEY  (`id_sumbangan`)
) ENGINE=MyISAM AUTO_INCREMENT=22 DEFAULT CHARSET=utf8 COLLATE=utf8_unicode_ci COMMENT='Data sumbangan harian';

#
# Data for table "sumbangan"
#

/*!40000 ALTER TABLE `sumbangan` DISABLE KEYS */;
INSERT INTO `sumbangan` VALUES (1,565123561.00,2648436.00,14233389.00,'2014-05-22',0,'2014-06-18 00:56:02'),(2,147965142.00,1873027.00,2703659.00,'2014-05-23',0,'2014-06-18 00:56:02'),(3,935185377.00,4536240.00,4402732.00,'2014-05-24',0,'2014-06-18 00:56:02'),(4,27259872.00,8457557.00,10568633.00,'2014-05-25',0,'2014-06-18 00:56:02'),(5,250471008.00,2374986.00,6404274.00,'2014-05-26',0,'2014-06-18 00:56:02'),(6,662187125.00,1587585.00,13676360.00,'2014-05-27',0,'2014-06-18 00:56:02'),(7,543657878.00,8932901.00,15839442.00,'2014-05-28',0,'2014-06-18 00:56:02'),(8,516259085.00,5635769.00,16074605.00,'2014-05-29',0,'2014-06-18 00:56:02'),(9,709485661.00,4299688.00,6902262.00,'2014-05-30',0,'2014-06-18 00:56:02'),(10,460867095.00,4119031.00,16632810.00,'2014-05-31',0,'2014-06-18 00:56:02'),(11,795840830.00,1487688.00,13090194.00,'2014-06-01',0,'2014-06-18 00:56:02'),(12,764200821.00,8330164.00,10988522.00,'2014-06-02',0,'2014-06-18 00:56:02'),(13,653948402.00,5484025.00,19349959.00,'2014-06-03',0,'2014-06-18 00:56:02'),(14,200857018.00,868855.00,2277701.00,'2014-06-04',0,'2014-06-18 00:56:02'),(15,495811665.00,8542695.00,7936108.00,'2014-06-05',0,'2014-06-18 00:56:02'),(16,283960386.00,7827718.00,4260457.00,'2014-06-06',0,'2014-06-18 00:56:02'),(17,516807362.00,7143506.00,4429975.00,'2014-06-07',0,'2014-06-18 00:56:02'),(18,641477292.00,4185660.00,5824374.00,'2014-06-08',0,'2014-06-18 00:56:02'),(19,46989394.00,3209086.00,14423873.00,'2014-06-09',0,'2014-06-18 00:56:02'),(20,842048502.00,4369751.00,11949358.00,'2014-06-10',0,'2014-06-18 00:56:02'),(21,221267437.00,8538160.00,12986247.00,'2014-06-11',0,'2014-06-18 00:56:02'),(22,123.00,123.00,123.00,'2014-05-01',2,'2014-06-20 09:38:50');
/*!40000 ALTER TABLE `sumbangan` ENABLE KEYS */;

#
# Structure for table "sumbangan_old"
#

DROP TABLE IF EXISTS `sumbangan_old`;
CREATE TABLE `sumbangan_old` (
  `id_sumbangan` int(11) NOT NULL auto_increment,
  `nama` varchar(45) default NULL,
  `bank_transfer` enum('BCA','BRI','MANDIRI') NOT NULL,
  `nominal` decimal(13,0) default NULL,
  `tgl` date default NULL,
  `create` timestamp NULL default CURRENT_TIMESTAMP on update CURRENT_TIMESTAMP,
  PRIMARY KEY  (`id_sumbangan`)
) ENGINE=MyISAM AUTO_INCREMENT=5502 DEFAULT CHARSET=utf8;

#
# Data for table "sumbangan_old"
#

/*!40000 ALTER TABLE `sumbangan_old` DISABLE KEYS */;
INSERT INTO `sumbangan_old` VALUES (1,'Tara Q. Cline','BRI',96423737970,'2015-01-21','2014-06-17 21:38:32'),(2,'Lewis T. Wheeler','BRI',13192908880,'2014-09-16','2014-06-17 21:38:32'),(3,'Ferris E. Mendez','BRI',38826117227,'2015-04-07','2014-06-17 21:38:32'),(4,'Lucas X. Chambers','BRI',24773093139,'2014-08-21','2014-06-17 21:38:32'),(5,'Jackson C. Kelly','BRI',53213544375,'2015-04-04','2014-06-17 21:38:32'),(6,'Lucian J. Tran','BRI',24566970556,'2014-09-25','2014-06-17 21:38:32'),(7,'Shad B. Morgan','BRI',97377605440,'2014-11-14','2014-06-17 21:38:32'),(8,'Phoebe K. Collier','BRI',40558401677,'2015-02-19','2014-06-17 21:38:32'),(9,'Hanae G. Deleon','BRI',50780019604,'2014-11-15','2014-06-17 21:38:32'),(10,'Preston G. Bright','BRI',14383698609,'2014-08-26','2014-06-17 21:38:32'),(11,'Shaine W. Foreman','BRI',46936715113,'2015-05-28','2014-06-17 21:38:32'),(12,'Lesley C. Galloway','BRI',71401539324,'2014-06-29','2014-06-17 21:38:32'),(13,'Jeanette Z. Acosta','BRI',69475662257,'2015-05-30','2014-06-17 21:38:32'),(14,'Graham A. Palmer','BRI',182620579,'2015-03-03','2014-06-17 21:38:32'),(15,'Kato S. Richardson','BRI',78344559297,'2015-03-29','2014-06-17 21:38:32'),(16,'Juliet B. Fletcher','BRI',20731964450,'2015-03-27','2014-06-17 21:38:32'),(17,'Daniel Z. Waller','BRI',72516916227,'2014-08-09','2014-06-17 21:38:32'),(18,'Nita B. Mcknight','BRI',34220585401,'2015-06-03','2014-06-17 21:38:32'),(19,'Celeste Y. Stout','BRI',44385172819,'2014-07-11','2014-06-17 21:38:32'),(20,'Odette H. Cohen','BRI',39719788203,'2014-12-10','2014-06-17 21:38:32'),(21,'Alexander X. Stark','BRI',32649659337,'2015-03-04','2014-06-17 21:38:32'),(22,'August E. Winters','BRI',93714263278,'2014-08-23','2014-06-17 21:38:32'),(23,'Jaquelyn T. Sosa','BRI',71326316617,'2015-01-12','2014-06-17 21:38:32'),(24,'Martha K. Blackwell','BRI',59188171005,'2014-09-13','2014-06-17 21:38:32'),(25,'Beau L. Simpson','BRI',32952312227,'2014-11-12','2014-06-17 21:38:32'),(26,'Olivia H. Kemp','BRI',13262768183,'2015-03-22','2014-06-17 21:38:32'),(27,'Jakeem G. Duncan','BRI',97625431667,'2015-07-11','2014-06-17 21:38:32'),(28,'Kathleen P. Vega','BRI',7727110881,'2014-08-04','2014-06-17 21:38:32'),(29,'Louis W. Duke','BRI',68824019688,'2015-05-07','2014-06-17 21:38:32'),(30,'Otto D. Eaton','BRI',1134646697,'2015-07-21','2014-06-17 21:38:32'),(31,'Ishmael L. Glover','BRI',30464522170,'2015-06-14','2014-06-17 21:38:32'),(32,'Lesley K. Wells','BRI',82408660151,'2014-07-06','2014-06-17 21:38:32'),(33,'Leonard N. Donaldson','BRI',94283732983,'2015-03-02','2014-06-17 21:38:32'),(34,'Heidi Y. Moss','BRI',16215903123,'2014-09-24','2014-06-17 21:38:32'),(35,'Baxter C. Craft','BRI',23165717779,'2015-01-22','2014-06-17 21:38:32'),(36,'Ross K. Manning','BRI',16653506795,'2015-02-11','2014-06-17 21:38:32'),(37,'Jayme P. Cummings','BRI',91119142031,'2014-08-04','2014-06-17 21:38:32'),(38,'Jerome K. House','BRI',32346772183,'2015-02-05','2014-06-17 21:38:32'),(39,'Winifred V. Keller','BRI',97916199732,'2015-03-21','2014-06-17 21:38:32'),(40,'Juliet F. Davenport','BRI',74913761666,'2015-04-19','2014-06-17 21:38:32'),(41,'Brenna H. Peck','BRI',66563767372,'2015-06-24','2014-06-17 21:38:32'),(42,'Kessie Y. Hopkins','BRI',75910615047,'2014-08-26','2014-06-17 21:38:32'),(43,'Ethan J. Oneal','BRI',13171136040,'2015-04-08','2014-06-17 21:38:32'),(44,'Felix Q. Kim','BRI',13904914696,'2014-11-30','2014-06-17 21:38:32'),(45,'Destiny J. Medina','BRI',93169369696,'2015-04-10','2014-06-17 21:38:32'),(46,'Laura B. Wiggins','BRI',81220869409,'2014-07-14','2014-06-17 21:38:32'),(47,'Lev S. Lott','BRI',49547690181,'2014-07-14','2014-06-17 21:38:32'),(48,'Kiara E. Hardin','BRI',2520443456,'2014-08-26','2014-06-17 21:38:32'),(49,'Lev E. Noel','BRI',43632197324,'2014-09-18','2014-06-17 21:38:32'),(50,'Merritt I. Lester','BRI',75748790571,'2015-07-09','2014-06-17 21:38:32'),(51,'Harrison P. Franklin','BRI',13524789070,'2014-07-08','2014-06-17 21:38:32'),(52,'Harding X. Jordan','BRI',59446574088,'2015-04-24','2014-06-17 21:38:32'),(53,'Craig R. Curtis','BRI',86701399021,'2015-03-17','2014-06-17 21:38:32'),(54,'Curran K. Garcia','BRI',75627598846,'2014-08-29','2014-06-17 21:38:32'),(55,'Alyssa Z. Curry','BRI',93633601612,'2015-07-28','2014-06-17 21:38:32'),(56,'Abra C. Schwartz','BRI',4984296242,'2015-01-19','2014-06-17 21:38:32'),(57,'Theodore N. Mckee','BRI',70453165295,'2015-04-01','2014-06-17 21:38:32'),(58,'Clark E. Good','BRI',76479964109,'2014-10-23','2014-06-17 21:38:32'),(59,'Dara C. Figueroa','BRI',64872801556,'2015-03-30','2014-06-17 21:38:32'),(60,'Natalie P. Cole','BRI',79561571433,'2014-12-19','2014-06-17 21:38:32'),(61,'Dara L. Herrera','BRI',77519964510,'2015-04-24','2014-06-17 21:38:32'),(62,'Brianna B. Hobbs','BRI',59294870805,'2014-07-17','2014-06-17 21:38:32'),(63,'Jasper Z. Keith','BRI',79884632465,'2015-07-05','2014-06-17 21:38:32'),(64,'Lucas Q. Rosales','BRI',60648728325,'2014-10-02','2014-06-17 21:38:32'),(65,'Freya Y. Hoover','BRI',64156631879,'2015-04-11','2014-06-17 21:38:32'),(66,'Lacota Q. Watson','BRI',2800835109,'2015-03-16','2014-06-17 21:38:32'),(67,'Kellie R. Serrano','BRI',8101836736,'2015-02-04','2014-06-17 21:38:32'),(68,'Tiger X. Nixon','BRI',19775608997,'2014-10-21','2014-06-17 21:38:32'),(69,'Myra X. Ingram','BRI',36203112942,'2014-10-14','2014-06-17 21:38:32'),(70,'Wanda O. Stanton','BRI',51237109756,'2015-07-02','2014-06-17 21:38:32'),(71,'Kelly O. Howard','BRI',96944724934,'2014-08-13','2014-06-17 21:38:32'),(72,'Ulla R. Henry','BRI',97830805294,'2014-08-23','2014-06-17 21:38:32'),(73,'Hannah Z. Benjamin','BRI',70259382068,'2014-12-14','2014-06-17 21:38:32'),(74,'Simone C. Leach','BRI',51790523588,'2014-10-11','2014-06-17 21:38:32'),(75,'Noelle X. Torres','BRI',1654556915,'2014-12-26','2014-06-17 21:38:32'),(76,'Burton D. Whitehead','BRI',62212071936,'2014-12-22','2014-06-17 21:38:32'),(77,'Irma R. Herrera','BRI',61368915051,'2014-12-24','2014-06-17 21:38:32'),(78,'Kelly X. Gillespie','BRI',89598249660,'2015-05-03','2014-06-17 21:38:32'),(79,'Oren H. Pollard','BRI',14276174680,'2014-06-28','2014-06-17 21:38:32'),(80,'Camille V. Rogers','BRI',55627610652,'2015-07-16','2014-06-17 21:38:32'),(81,'Alec S. Moody','BRI',10107647129,'2014-08-29','2014-06-17 21:38:32'),(82,'Idona Y. Russo','BRI',83508190822,'2014-11-15','2014-06-17 21:38:32'),(83,'Amanda M. Suarez','BRI',72953862176,'2014-09-28','2014-06-17 21:38:32'),(84,'Ayanna P. Burton','BRI',73235635098,'2015-02-16','2014-06-17 21:38:32'),(85,'Christine S. Gray','BRI',63002659575,'2014-08-20','2014-06-17 21:38:32'),(86,'Flavia X. Allison','BRI',25044976010,'2015-02-22','2014-06-17 21:38:32'),(87,'Jelani I. Mccoy','BRI',52669790265,'2014-07-14','2014-06-17 21:38:32'),(88,'Jonah I. Key','BRI',96190979189,'2014-08-17','2014-06-17 21:38:32'),(89,'Lael W. Benjamin','BRI',45537758010,'2014-07-02','2014-06-17 21:38:32'),(90,'Karina G. Pickett','BRI',71605906017,'2015-07-16','2014-06-17 21:38:32'),(91,'Abel J. Bowen','BRI',56474036104,'2014-07-28','2014-06-17 21:38:32'),(92,'Linus V. Reese','BRI',63401411431,'2014-11-08','2014-06-17 21:38:32'),(93,'MacKenzie Q. Barnes','BRI',44375367098,'2015-03-12','2014-06-17 21:38:32'),(94,'Finn Z. Prince','BRI',28813398612,'2014-06-15','2014-06-17 21:38:32'),(95,'Peter V. Zamora','BRI',34167768625,'2014-11-29','2014-06-17 21:38:32'),(96,'Urielle G. Gay','BRI',93120085041,'2014-09-04','2014-06-17 21:38:32'),(97,'Orlando Q. Santos','BRI',32790930375,'2015-05-04','2014-06-17 21:38:32'),(98,'Camille C. Hunter','BRI',74608108403,'2014-08-11','2014-06-17 21:38:32'),(99,'Emma Y. Bowen','BRI',19724489674,'2014-08-04','2014-06-17 21:38:32'),(100,'Amela Y. Sharpe','BRI',70889810298,'2015-05-29','2014-06-17 21:38:32'),(101,'Wayne','BRI',29980772866,'2015-07-20','2014-06-17 21:38:32'),(102,'Edward','BRI',14476803465,'2015-06-06','2014-06-17 21:38:32'),(103,'Kieran','BRI',83927373565,'2014-06-04','2014-06-17 21:38:32'),(104,'Rudyard','BRI',30465210920,'2014-08-07','2014-06-17 21:38:32'),(105,'Tad','BRI',52329323062,'2015-04-08','2014-06-17 21:38:32'),(106,'Erich','BRI',18702939447,'2014-11-06','2014-06-17 21:38:32'),(107,'Harding','BRI',86950394698,'2014-07-01','2014-06-17 21:38:32'),(108,'Henry','BRI',91535960576,'2014-08-27','2014-06-17 21:38:32'),(109,'Elmo','BRI',94353974721,'2014-09-28','2014-06-17 21:38:32'),(110,'Cade','BRI',5913156681,'2015-06-10','2014-06-17 21:38:32'),(111,'Plato','BRI',19550677936,'2015-06-16','2014-06-17 21:38:32'),(112,'Neil','BRI',27155190575,'2014-08-21','2014-06-17 21:38:32'),(113,'Phillip','BRI',88934925979,'2015-03-01','2014-06-17 21:38:32'),(114,'Chancellor','BRI',83717797730,'2015-07-21','2014-06-17 21:38:32'),(115,'Len','BRI',71433635362,'2015-07-23','2014-06-17 21:38:32'),(116,'Jamal','BRI',94297673100,'2014-07-26','2014-06-17 21:38:32'),(117,'Boris','BRI',74962274894,'2015-05-11','2014-06-17 21:38:32'),(118,'Allistair','BRI',14642435653,'2014-07-12','2014-06-17 21:38:32'),(119,'Burton','BRI',28532967424,'2015-04-09','2014-06-17 21:38:32'),(120,'Rooney','BRI',45797648114,'2014-06-27','2014-06-17 21:38:32'),(121,'Silas','BRI',39961724491,'2014-08-06','2014-06-17 21:38:32'),(122,'Hyatt','BRI',74425027468,'2015-02-20','2014-06-17 21:38:32'),(123,'James','BRI',60301042697,'2014-09-19','2014-06-17 21:38:32'),(124,'Blake','BRI',77901715165,'2014-10-09','2014-06-17 21:38:32'),(125,'Joel','BRI',71778078289,'2014-07-25','2014-06-17 21:38:32'),(126,'Colorado','BRI',61560710498,'2015-03-17','2014-06-17 21:38:32'),(127,'Ivor','BRI',36573690349,'2014-08-22','2014-06-17 21:38:32'),(128,'Ashton','BRI',18537717845,'2014-10-07','2014-06-17 21:38:32'),(129,'Stewart','BRI',52722027504,'2015-01-16','2014-06-17 21:38:32'),(130,'Forrest','BRI',62202475123,'2015-02-22','2014-06-17 21:38:32'),(131,'Erasmus','BRI',24193426887,'2015-06-20','2014-06-17 21:38:32'),(132,'Brenden','BRI',15435839145,'2015-06-03','2014-06-17 21:38:32'),(133,'Holmes','BRI',78088446336,'2015-05-26','2014-06-17 21:38:32'),(134,'Knox','BRI',459573104,'2015-02-02','2014-06-17 21:38:32'),(135,'Ivor','BRI',1225720723,'2014-08-24','2014-06-17 21:38:32'),(136,'Owen','BRI',25709775884,'2015-03-22','2014-06-17 21:38:32'),(137,'Demetrius','BRI',11076771606,'2014-09-10','2014-06-17 21:38:32'),(138,'Dieter','BRI',50791745885,'2014-08-13','2014-06-17 21:38:32'),(139,'Hakeem','BRI',10798137707,'2014-07-18','2014-06-17 21:38:32'),(140,'Acton','BRI',86484355212,'2015-01-11','2014-06-17 21:38:32'),(141,'Ethan','BRI',87298344519,'2015-05-10','2014-06-17 21:38:32'),(142,'Rogan','BRI',11798375340,'2015-01-31','2014-06-17 21:38:32'),(143,'Travis','BRI',70698599338,'2014-07-28','2014-06-17 21:38:32'),(144,'Malcolm','BRI',27501079390,'2015-03-28','2014-06-17 21:38:32'),(145,'Prescott','BRI',68646093322,'2014-10-07','2014-06-17 21:38:32'),(146,'Ethan','BRI',69895010995,'2014-07-20','2014-06-17 21:38:32'),(147,'Erasmus','BRI',96527111260,'2014-07-18','2014-06-17 21:38:32'),(148,'Allistair','BRI',53762389057,'2015-07-15','2014-06-17 21:38:32'),(149,'Steel','BRI',12174608540,'2014-06-05','2014-06-17 21:38:32'),(150,'Chancellor','BRI',92550354695,'2015-03-30','2014-06-17 21:38:32'),(151,'Wayne','BRI',86849649436,'2014-09-03','2014-06-17 21:38:32'),(152,'Silas','BRI',15590266757,'2015-02-06','2014-06-17 21:38:32'),(153,'Ray','BRI',71087750994,'2014-08-27','2014-06-17 21:38:32'),(154,'Ali','BRI',49868189062,'2015-05-06','2014-06-17 21:38:32'),(155,'Maxwell','BRI',92421192583,'2015-01-19','2014-06-17 21:38:32'),(156,'Nicholas','BRI',18110020522,'2015-04-07','2014-06-17 21:38:32'),(157,'Nasim','BRI',73184045512,'2014-08-18','2014-06-17 21:38:32'),(158,'Yasir','BRI',49401169242,'2014-06-24','2014-06-17 21:38:32'),(159,'Brian','BRI',85527543831,'2014-12-06','2014-06-17 21:38:32'),(160,'Clinton','BRI',99385193774,'2015-06-14','2014-06-17 21:38:32'),(161,'Holmes','BRI',49638479769,'2015-04-07','2014-06-17 21:38:32'),(162,'Francis','BRI',41750565571,'2014-09-13','2014-06-17 21:38:32'),(163,'Dane','BRI',87629877673,'2014-06-17','2014-06-17 21:38:32'),(164,'Kamal','BRI',69388028409,'2014-08-12','2014-06-17 21:38:32'),(165,'Owen','BRI',58757064367,'2015-06-19','2014-06-17 21:38:32'),(166,'Wade','BRI',310745617,'2014-08-17','2014-06-17 21:38:32'),(167,'Oliver','BRI',30080242380,'2015-07-24','2014-06-17 21:38:32'),(168,'George','BRI',49246768793,'2014-12-23','2014-06-17 21:38:32'),(169,'Dustin','BRI',55463032967,'2014-07-06','2014-06-17 21:38:32'),(170,'Zane','BRI',20486523933,'2014-08-18','2014-06-17 21:38:32'),(171,'Rashad','BRI',42023994365,'2014-09-07','2014-06-17 21:38:32'),(172,'Bevis','BRI',375250911,'2014-08-04','2014-06-17 21:38:32'),(173,'Nigel','BRI',2600360960,'2014-10-18','2014-06-17 21:38:32'),(174,'Richard','BRI',46708882353,'2015-05-12','2014-06-17 21:38:32'),(175,'Wade','BRI',23622635043,'2014-06-29','2014-06-17 21:38:32'),(176,'Blaze','BRI',15262963085,'2014-12-09','2014-06-17 21:38:32'),(177,'Hunter','BRI',4878348567,'2015-02-17','2014-06-17 21:38:32'),(178,'Slade','BRI',22151828273,'2015-03-07','2014-06-17 21:38:32'),(179,'Nasim','BRI',35904907639,'2014-07-17','2014-06-17 21:38:32'),(180,'Quentin','BRI',64453855195,'2015-01-09','2014-06-17 21:38:32'),(181,'Justin','BRI',66324703630,'2014-10-23','2014-06-17 21:38:32'),(182,'Kasimir','BRI',24510976654,'2015-03-03','2014-06-17 21:38:32'),(183,'Cain','BRI',8628493883,'2014-07-02','2014-06-17 21:38:32'),(184,'Justin','BRI',98590105866,'2014-11-07','2014-06-17 21:38:32'),(185,'Thane','BRI',73490191445,'2014-08-06','2014-06-17 21:38:32'),(186,'Addison','BRI',98866965898,'2015-07-28','2014-06-17 21:38:32'),(187,'Sebastian','BRI',65846957457,'2015-03-15','2014-06-17 21:38:32'),(188,'Quinlan','BRI',68477190539,'2014-10-16','2014-06-17 21:38:32'),(189,'Clark','BRI',91874230068,'2015-07-16','2014-06-17 21:38:32'),(190,'Benedict','BRI',88977898723,'2014-11-17','2014-06-17 21:38:32'),(191,'Aladdin','BRI',24336733331,'2014-08-11','2014-06-17 21:38:32'),(192,'Gage','BRI',89699157648,'2015-01-06','2014-06-17 21:38:32'),(193,'Donovan','BRI',35623546224,'2015-05-02','2014-06-17 21:38:32'),(194,'Dante','BRI',10285595765,'2014-06-22','2014-06-17 21:38:32'),(195,'Isaiah','BRI',33573483787,'2014-08-04','2014-06-17 21:38:32'),(196,'Keane','BRI',76023164402,'2014-09-10','2014-06-17 21:38:32'),(197,'Ahmed','BRI',90122151618,'2015-01-12','2014-06-17 21:38:32'),(198,'Jesse','BRI',29950455654,'2014-11-19','2014-06-17 21:38:32'),(199,'Vincent','BRI',58456341443,'2015-01-01','2014-06-17 21:38:32'),(200,'August','BRI',58691802374,'2014-09-30','2014-06-17 21:38:32'),(201,'Ezekiel Kane','BRI',28819018723,'2015-07-17','2014-06-17 21:38:32'),(202,'Tucker Blackburn','BRI',30730149476,'2014-09-11','2014-06-17 21:38:32'),(203,'Kermit Daniel','BRI',15734712591,'2014-07-31','2014-06-17 21:38:32'),(204,'Armando Berger','BRI',23350284602,'2015-07-17','2014-06-17 21:38:32'),(205,'Fletcher Pitts','BRI',56572621118,'2014-08-20','2014-06-17 21:38:32'),(206,'Denton Quinn','BRI',1176836199,'2015-03-11','2014-06-17 21:38:32'),(207,'Kenyon Harris','BRI',51980890980,'2014-12-23','2014-06-17 21:38:32'),(208,'Clinton Lucas','BRI',22224025196,'2015-03-15','2014-06-17 21:38:32'),(209,'Seth Bonner','BRI',78596135413,'2014-12-26','2014-06-17 21:38:32'),(210,'Alec Whitehead','BRI',91192287807,'2014-09-08','2014-06-17 21:38:32'),(211,'Felix Coffey','BRI',37708012388,'2015-06-22','2014-06-17 21:38:32'),(212,'Thaddeus Ward','BRI',83741244449,'2014-09-03','2014-06-17 21:38:32'),(213,'Dennis Frank','BRI',82399852342,'2014-06-03','2014-06-17 21:38:32'),(214,'Ali Reese','BRI',83428700714,'2014-08-06','2014-06-17 21:38:32'),(215,'Kibo Mendez','BRI',40667364253,'2014-07-06','2014-06-17 21:38:32'),(216,'Graham Burton','BRI',86446393576,'2015-04-21','2014-06-17 21:38:32'),(217,'Macon Harrington','BRI',43794621653,'2015-04-25','2014-06-17 21:38:32'),(218,'Dillon Mueller','BRI',76812897962,'2014-10-03','2014-06-17 21:38:32'),(219,'Davis Henderson','BRI',24956054189,'2015-07-18','2014-06-17 21:38:32'),(220,'Justin Shepard','BRI',95284592401,'2014-10-02','2014-06-17 21:38:32'),(221,'Forrest Jordan','BRI',97785769717,'2015-04-01','2014-06-17 21:38:32'),(222,'Hamish Puckett','BRI',61078200191,'2014-08-10','2014-06-17 21:38:32'),(223,'Carter Monroe','BRI',85390490543,'2014-06-03','2014-06-17 21:38:32'),(224,'Hayden Medina','BRI',79751022066,'2014-07-22','2014-06-17 21:38:32'),(225,'Kevin Morales','BRI',72810248688,'2014-08-11','2014-06-17 21:38:32'),(226,'Beck Poole','BRI',68187419584,'2014-09-11','2014-06-17 21:38:32'),(227,'Rooney Nguyen','BRI',86313660136,'2015-04-20','2014-06-17 21:38:32'),(228,'Colin Flores','BRI',24033983291,'2015-01-25','2014-06-17 21:38:32'),(229,'Austin Ellison','BRI',77163272446,'2015-07-13','2014-06-17 21:38:32'),(230,'Tate Berg','BRI',65849327381,'2014-08-22','2014-06-17 21:38:32'),(231,'Vance Gilliam','BRI',80112508495,'2015-04-05','2014-06-17 21:38:32'),(232,'Merrill Vaughan','BRI',16896638691,'2015-03-12','2014-06-17 21:38:32'),(233,'Buckminster Kent','BRI',15321186107,'2014-09-29','2014-06-17 21:38:32'),(234,'August Stein','BRI',59550616953,'2014-10-07','2014-06-17 21:38:32'),(235,'Porter Davenport','BRI',46345756668,'2015-04-13','2014-06-17 21:38:32'),(236,'Derek Wolf','BRI',99485025152,'2015-03-12','2014-06-17 21:38:32'),(237,'Micah Morse','BRI',82796003526,'2014-10-27','2014-06-17 21:38:32'),(238,'Odysseus Mann','BRI',24895265666,'2014-08-11','2014-06-17 21:38:32'),(239,'Lionel Oneill','BRI',49823820485,'2014-10-16','2014-06-17 21:38:32'),(240,'Thaddeus Bauer','BRI',64979094450,'2014-08-13','2014-06-17 21:38:32'),(241,'Stewart Contreras','BRI',15869601322,'2014-07-11','2014-06-17 21:38:32'),(242,'Justin Page','BRI',35298182871,'2014-08-13','2014-06-17 21:38:32'),(243,'Nathan Petersen','BRI',45219286106,'2014-12-31','2014-06-17 21:38:32'),(244,'Blaze Schultz','BRI',61643021291,'2015-01-19','2014-06-17 21:38:32'),(245,'Jameson Marks','BRI',29301277528,'2015-03-30','2014-06-17 21:38:32'),(246,'Fulton Humphrey','BRI',32989488164,'2015-06-28','2014-06-17 21:38:32'),(247,'Jonas Wolf','BRI',64070084163,'2015-05-27','2014-06-17 21:38:32'),(248,'Blake Jensen','BRI',84984203730,'2015-01-01','2014-06-17 21:38:32'),(249,'Oliver Wong','BRI',91168295707,'2015-06-14','2014-06-17 21:38:32'),(250,'Allistair Delacruz','BRI',67400627212,'2014-10-11','2014-06-17 21:38:32'),(251,'Thane Carr','BRI',6493940940,'2015-01-22','2014-06-17 21:38:32'),(252,'Oliver Winters','BRI',70217734130,'2014-12-13','2014-06-17 21:38:32'),(253,'Ralph Lucas','BRI',64638078862,'2014-08-03','2014-06-17 21:38:32'),(254,'Kermit Juarez','BRI',51913051250,'2015-05-04','2014-06-17 21:38:32'),(255,'Jonah Hooper','BRI',59168384849,'2015-04-30','2014-06-17 21:38:32'),(256,'Simon Norris','BRI',97361612816,'2015-01-15','2014-06-17 21:38:32'),(257,'Leo Petersen','BRI',92966964705,'2014-11-04','2014-06-17 21:38:32'),(258,'Adrian Pace','BRI',59262977749,'2014-08-23','2014-06-17 21:38:32'),(259,'Lars Castro','BRI',73002507258,'2014-11-14','2014-06-17 21:38:32'),(260,'Gary Hale','BRI',8621496438,'2014-09-03','2014-06-17 21:38:32'),(261,'Ralph Chandler','BRI',40947914522,'2015-06-24','2014-06-17 21:38:32'),(262,'Cairo Hatfield','BRI',97282193023,'2015-01-07','2014-06-17 21:38:32'),(263,'Herman Lang','BRI',77057545540,'2015-06-20','2014-06-17 21:38:32'),(264,'Alvin Hays','BRI',27202685612,'2015-01-23','2014-06-17 21:38:32'),(265,'Gavin Preston','BRI',93819828554,'2014-09-29','2014-06-17 21:38:32'),(266,'Merritt Stokes','BRI',20545213466,'2015-04-30','2014-06-17 21:38:32'),(267,'Denton Flores','BRI',35158195067,'2014-08-12','2014-06-17 21:38:32'),(268,'Boris Beach','BRI',15480800473,'2014-08-02','2014-06-17 21:38:32'),(269,'Jacob Jones','BRI',17963822578,'2015-07-27','2014-06-17 21:38:32'),(270,'Reece Vazquez','BRI',93547179706,'2014-12-04','2014-06-17 21:38:32'),(271,'Lucius Chapman','BRI',27018946478,'2015-04-08','2014-06-17 21:38:32'),(272,'Chaim Shepherd','BRI',7605153435,'2014-06-23','2014-06-17 21:38:32'),(273,'Gareth Mays','BRI',34991086350,'2015-01-01','2014-06-17 21:38:32'),(274,'Akeem Zamora','BRI',24741606769,'2015-04-14','2014-06-17 21:38:32'),(275,'Colby Daugherty','BRI',56492275252,'2015-01-20','2014-06-17 21:38:32'),(276,'Nehru Tillman','BRI',49002689414,'2015-01-10','2014-06-17 21:38:32'),(277,'Armando Blevins','BRI',91146792576,'2014-09-14','2014-06-17 21:38:32'),(278,'James Delacruz','BRI',80253478333,'2015-07-14','2014-06-17 21:38:32'),(279,'Tucker Reynolds','BRI',9977563182,'2014-11-27','2014-06-17 21:38:32'),(280,'Caesar Poole','BRI',64663731720,'2014-12-09','2014-06-17 21:38:32'),(281,'Vance Hester','BRI',42221948730,'2014-12-16','2014-06-17 21:38:32'),(282,'Demetrius Gordon','BRI',48250524717,'2014-10-05','2014-06-17 21:38:32'),(283,'Lyle Farrell','BRI',53763626949,'2014-08-19','2014-06-17 21:38:32'),(284,'Wing Powers','BRI',79443946161,'2015-06-19','2014-06-17 21:38:32'),(285,'Felix Steele','BRI',61989372799,'2015-02-06','2014-06-17 21:38:32'),(286,'Axel Malone','BRI',65700713623,'2015-02-20','2014-06-17 21:38:32'),(287,'Simon Floyd','BRI',44029290157,'2014-06-05','2014-06-17 21:38:32'),(288,'Philip Johnson','BRI',38140394555,'2015-04-29','2014-06-17 21:38:32'),(289,'Warren Yang','BRI',24545140950,'2015-03-17','2014-06-17 21:38:32'),(290,'Martin Jarvis','BRI',81757085523,'2015-05-14','2014-06-17 21:38:32'),(291,'Chester Wilkinson','BRI',91575721737,'2014-07-22','2014-06-17 21:38:32'),(292,'Hasad Vinson','BRI',53712816159,'2014-11-22','2014-06-17 21:38:32'),(293,'Devin Barrera','BRI',44130550138,'2014-07-19','2014-06-17 21:38:32'),(294,'Buckminster Hull','BRI',92301339123,'2014-06-23','2014-06-17 21:38:32'),(295,'Kamal Mclean','BRI',62236350673,'2014-12-07','2014-06-17 21:38:32'),(296,'Simon Jones','BRI',17812359448,'2015-02-08','2014-06-17 21:38:32'),(297,'Beau Mckay','BRI',86672620911,'2014-12-15','2014-06-17 21:38:32'),(298,'Abdul Weeks','BRI',84765835699,'2014-09-19','2014-06-17 21:38:32'),(299,'Hyatt Barlow','BRI',16540712640,'2014-10-18','2014-06-17 21:38:32'),(300,'Asher Dejesus','BRI',52798153466,'2015-07-03','2014-06-17 21:38:32'),(301,'Cade','MANDIRI',18309924364,'2014-10-19','2014-06-17 21:39:59'),(302,'Prescott','MANDIRI',19224705499,'2014-06-13','2014-06-17 21:39:59'),(303,'Hope','MANDIRI',37094435763,'2015-07-15','2014-06-17 21:39:59'),(304,'Martena','MANDIRI',69135005914,'2014-06-11','2014-06-17 21:39:59'),(305,'Gannon','MANDIRI',6492701012,'2015-01-27','2014-06-17 21:39:59'),(306,'Hiroko','MANDIRI',19570873664,'2014-08-04','2014-06-17 21:39:59'),(307,'Serina','MANDIRI',78986862109,'2014-09-06','2014-06-17 21:39:59'),(308,'Allegra','MANDIRI',2687686238,'2014-07-04','2014-06-17 21:39:59'),(309,'Irene','MANDIRI',97441554069,'2015-03-29','2014-06-17 21:39:59'),(310,'Barry','MANDIRI',13565273787,'2015-05-15','2014-06-17 21:39:59'),(311,'Orlando','MANDIRI',9232918157,'2014-08-27','2014-06-17 21:39:59'),(312,'Ivor','MANDIRI',62037066115,'2014-08-31','2014-06-17 21:39:59'),(313,'Tanya','MANDIRI',27905432429,'2015-04-08','2014-06-17 21:39:59'),(314,'Keely','MANDIRI',83147761234,'2014-06-29','2014-06-17 21:39:59'),(315,'Porter','MANDIRI',35287236874,'2014-10-06','2014-06-17 21:39:59'),(316,'Gage','MANDIRI',36864693408,'2015-05-10','2014-06-17 21:39:59'),(317,'Hanae','MANDIRI',11706643161,'2014-10-03','2014-06-17 21:39:59'),(318,'Zane','MANDIRI',55349046254,'2015-05-11','2014-06-17 21:39:59'),(319,'Grady','MANDIRI',414980033,'2015-02-18','2014-06-17 21:39:59'),(320,'Aileen','MANDIRI',92337995172,'2015-07-05','2014-06-17 21:39:59'),(321,'Berk','MANDIRI',24481237373,'2015-05-25','2014-06-17 21:39:59'),(322,'McKenzie','MANDIRI',73007244265,'2015-03-30','2014-06-17 21:39:59'),(323,'Hanae','MANDIRI',27442899802,'2015-05-30','2014-06-17 21:39:59'),(324,'Delilah','MANDIRI',65228544520,'2015-05-09','2014-06-17 21:39:59'),(325,'Ignacia','MANDIRI',16725817594,'2015-05-16','2014-06-17 21:39:59'),(326,'Asher','MANDIRI',1036849327,'2015-02-19','2014-06-17 21:39:59'),(327,'Marshall','MANDIRI',86250855774,'2015-06-29','2014-06-17 21:39:59'),(328,'Cameran','MANDIRI',23016199123,'2015-01-05','2014-06-17 21:39:59'),(329,'Amos','MANDIRI',99303640530,'2015-05-31','2014-06-17 21:39:59'),(330,'Kellie','MANDIRI',75358201117,'2015-07-11','2014-06-17 21:39:59'),(331,'Vladimir','MANDIRI',37213154397,'2015-03-27','2014-06-17 21:39:59'),(332,'Cyrus','MANDIRI',13421032341,'2015-05-24','2014-06-17 21:39:59'),(333,'Derek','MANDIRI',41594039307,'2015-03-16','2014-06-17 21:39:59'),(334,'Jermaine','MANDIRI',82188543863,'2014-10-12','2014-06-17 21:39:59'),(335,'Shelley','MANDIRI',6174717924,'2014-11-06','2014-06-17 21:39:59'),(336,'Herman','MANDIRI',85275929496,'2014-06-11','2014-06-17 21:39:59'),(337,'Nicole','MANDIRI',94681162616,'2014-09-21','2014-06-17 21:39:59'),(338,'Julian','MANDIRI',45272283943,'2014-08-20','2014-06-17 21:39:59'),(339,'Giacomo','MANDIRI',5131639749,'2014-08-14','2014-06-17 21:39:59'),(340,'Alma','MANDIRI',76221500142,'2014-07-06','2014-06-17 21:39:59'),(341,'Hedda','MANDIRI',19225547880,'2014-11-18','2014-06-17 21:39:59'),(342,'Nevada','MANDIRI',21750675586,'2015-02-16','2014-06-17 21:39:59'),(343,'Rhiannon','MANDIRI',45513889612,'2015-03-27','2014-06-17 21:39:59'),(344,'Calvin','MANDIRI',28696788364,'2014-07-09','2014-06-17 21:39:59'),(345,'Jerry','MANDIRI',58184720775,'2015-07-12','2014-06-17 21:39:59'),(346,'Drake','MANDIRI',95369386018,'2015-07-30','2014-06-17 21:39:59'),(347,'Hayley','MANDIRI',94242424767,'2014-11-27','2014-06-17 21:39:59'),(348,'Lila','MANDIRI',81286699985,'2014-09-10','2014-06-17 21:39:59'),(349,'Ayanna','MANDIRI',55136970667,'2015-02-19','2014-06-17 21:39:59'),(350,'Garrett','MANDIRI',14158826988,'2014-09-04','2014-06-17 21:39:59'),(351,'Kasper','MANDIRI',90357461593,'2014-12-30','2014-06-17 21:39:59'),(352,'Francesca','MANDIRI',96743115759,'2015-05-09','2014-06-17 21:39:59'),(353,'Hyacinth','MANDIRI',99331564336,'2015-01-07','2014-06-17 21:39:59'),(354,'Akeem','MANDIRI',1718728760,'2015-02-09','2014-06-17 21:39:59'),(355,'Berk','MANDIRI',9047366834,'2015-05-01','2014-06-17 21:39:59'),(356,'Cooper','MANDIRI',43622208342,'2014-08-04','2014-06-17 21:39:59'),(357,'Jameson','MANDIRI',53163453195,'2015-06-12','2014-06-17 21:39:59'),(358,'Brendan','MANDIRI',79731785426,'2015-04-04','2014-06-17 21:39:59'),(359,'Adena','MANDIRI',61712077958,'2014-11-18','2014-06-17 21:39:59'),(360,'Emerald','MANDIRI',67870524573,'2014-06-14','2014-06-17 21:39:59'),(361,'Reed','MANDIRI',89225631690,'2015-07-01','2014-06-17 21:39:59'),(362,'Gabriel','MANDIRI',96981069794,'2014-11-07','2014-06-17 21:39:59'),(363,'Naomi','MANDIRI',82334128741,'2015-02-26','2014-06-17 21:39:59'),(364,'Brynne','MANDIRI',97992281757,'2014-11-19','2014-06-17 21:39:59'),(365,'Shoshana','MANDIRI',68399532506,'2015-07-30','2014-06-17 21:39:59'),(366,'Damian','MANDIRI',84087092157,'2014-09-19','2014-06-17 21:39:59'),(367,'Galena','MANDIRI',12178885812,'2014-08-16','2014-06-17 21:39:59'),(368,'Bernard','MANDIRI',75399203904,'2015-06-08','2014-06-17 21:39:59'),(369,'Anjolie','MANDIRI',4773914557,'2014-06-26','2014-06-17 21:39:59'),(370,'Tad','MANDIRI',80593959797,'2015-01-23','2014-06-17 21:39:59'),(371,'Kendall','MANDIRI',91264495010,'2014-12-25','2014-06-17 21:39:59'),(372,'Morgan','MANDIRI',50378798556,'2014-06-08','2014-06-17 21:39:59'),(373,'Noelani','MANDIRI',46422772344,'2015-05-08','2014-06-17 21:39:59'),(374,'Brenda','MANDIRI',40964133585,'2014-11-07','2014-06-17 21:39:59'),(375,'Edward','MANDIRI',12144917897,'2015-01-04','2014-06-17 21:39:59'),(376,'Iona','MANDIRI',14504373240,'2014-11-21','2014-06-17 21:39:59'),(377,'Keefe','MANDIRI',53591870722,'2014-09-26','2014-06-17 21:39:59'),(378,'Serina','MANDIRI',99661587469,'2015-05-06','2014-06-17 21:39:59'),(379,'Hanna','MANDIRI',91140906828,'2014-07-30','2014-06-17 21:39:59'),(380,'Kyle','MANDIRI',48472233310,'2015-02-25','2014-06-17 21:39:59'),(381,'Olympia','MANDIRI',31332120518,'2015-03-16','2014-06-17 21:39:59'),(382,'Urielle','MANDIRI',91942354609,'2014-09-07','2014-06-17 21:39:59'),(383,'Leila','MANDIRI',4646877130,'2014-12-03','2014-06-17 21:39:59'),(384,'Wanda','MANDIRI',13327554746,'2014-09-23','2014-06-17 21:39:59'),(385,'William','MANDIRI',7753810710,'2015-05-04','2014-06-17 21:39:59'),(386,'Sonya','MANDIRI',33800500243,'2015-03-05','2014-06-17 21:39:59'),(387,'Craig','MANDIRI',91790485888,'2015-02-23','2014-06-17 21:39:59'),(388,'Nicole','MANDIRI',67879201832,'2014-09-01','2014-06-17 21:39:59'),(389,'Buffy','MANDIRI',81121430583,'2014-11-02','2014-06-17 21:39:59'),(390,'Benedict','MANDIRI',96714210221,'2015-07-22','2014-06-17 21:39:59'),(391,'Giacomo','MANDIRI',49774421023,'2014-11-27','2014-06-17 21:39:59'),(392,'Reese','MANDIRI',60186551335,'2014-06-15','2014-06-17 21:39:59'),(393,'Guy','MANDIRI',83697224268,'2015-02-25','2014-06-17 21:39:59'),(394,'Bethany','MANDIRI',51948797991,'2014-11-24','2014-06-17 21:39:59'),(395,'Beatrice','MANDIRI',36585655386,'2015-05-05','2014-06-17 21:39:59'),(396,'Maite','MANDIRI',33312419614,'2015-01-10','2014-06-17 21:39:59'),(397,'Dennis','MANDIRI',9328520902,'2015-04-26','2014-06-17 21:39:59'),(398,'Gil','MANDIRI',61327866547,'2015-07-03','2014-06-17 21:39:59'),(399,'Tatyana','MANDIRI',96386528039,'2014-08-19','2014-06-17 21:39:59'),(400,'Tatiana','MANDIRI',37044184861,'2014-08-12','2014-06-17 21:39:59'),(401,'Tara Q. Cline','MANDIRI',96423737970,'2015-01-21','2014-06-17 21:39:59'),(402,'Lewis T. Wheeler','MANDIRI',13192908880,'2014-09-16','2014-06-17 21:39:59'),(403,'Ferris E. Mendez','MANDIRI',38826117227,'2015-04-07','2014-06-17 21:39:59'),(404,'Lucas X. Chambers','MANDIRI',24773093139,'2014-08-21','2014-06-17 21:39:59'),(405,'Jackson C. Kelly','MANDIRI',53213544375,'2015-04-04','2014-06-17 21:39:59'),(406,'Lucian J. Tran','MANDIRI',24566970556,'2014-09-25','2014-06-17 21:39:59'),(407,'Shad B. Morgan','MANDIRI',97377605440,'2014-11-14','2014-06-17 21:39:59'),(408,'Phoebe K. Collier','MANDIRI',40558401677,'2015-02-19','2014-06-17 21:39:59'),(409,'Hanae G. Deleon','MANDIRI',50780019604,'2014-11-15','2014-06-17 21:39:59'),(410,'Preston G. Bright','MANDIRI',14383698609,'2014-08-26','2014-06-17 21:39:59'),(411,'Shaine W. Foreman','MANDIRI',46936715113,'2015-05-28','2014-06-17 21:39:59'),(412,'Lesley C. Galloway','MANDIRI',71401539324,'2014-06-29','2014-06-17 21:39:59'),(413,'Jeanette Z. Acosta','MANDIRI',69475662257,'2015-05-30','2014-06-17 21:39:59'),(414,'Graham A. Palmer','MANDIRI',182620579,'2015-03-03','2014-06-17 21:39:59'),(415,'Kato S. Richardson','MANDIRI',78344559297,'2015-03-29','2014-06-17 21:39:59'),(416,'Juliet B. Fletcher','MANDIRI',20731964450,'2015-03-27','2014-06-17 21:39:59'),(417,'Daniel Z. Waller','MANDIRI',72516916227,'2014-08-09','2014-06-17 21:39:59'),(418,'Nita B. Mcknight','MANDIRI',34220585401,'2015-06-03','2014-06-17 21:39:59'),(419,'Celeste Y. Stout','MANDIRI',44385172819,'2014-07-11','2014-06-17 21:39:59'),(420,'Odette H. Cohen','MANDIRI',39719788203,'2014-12-10','2014-06-17 21:39:59'),(421,'Alexander X. Stark','MANDIRI',32649659337,'2015-03-04','2014-06-17 21:39:59'),(422,'August E. Winters','MANDIRI',93714263278,'2014-08-23','2014-06-17 21:39:59'),(423,'Jaquelyn T. Sosa','MANDIRI',71326316617,'2015-01-12','2014-06-17 21:39:59'),(424,'Martha K. Blackwell','MANDIRI',59188171005,'2014-09-13','2014-06-17 21:39:59'),(425,'Beau L. Simpson','MANDIRI',32952312227,'2014-11-12','2014-06-17 21:39:59'),(426,'Olivia H. Kemp','MANDIRI',13262768183,'2015-03-22','2014-06-17 21:39:59'),(427,'Jakeem G. Duncan','MANDIRI',97625431667,'2015-07-11','2014-06-17 21:39:59'),(428,'Kathleen P. Vega','MANDIRI',7727110881,'2014-08-04','2014-06-17 21:39:59'),(429,'Louis W. Duke','MANDIRI',68824019688,'2015-05-07','2014-06-17 21:39:59'),(430,'Otto D. Eaton','MANDIRI',1134646697,'2015-07-21','2014-06-17 21:39:59'),(431,'Ishmael L. Glover','MANDIRI',30464522170,'2015-06-14','2014-06-17 21:39:59'),(432,'Lesley K. Wells','MANDIRI',82408660151,'2014-07-06','2014-06-17 21:39:59'),(433,'Leonard N. Donaldson','MANDIRI',94283732983,'2015-03-02','2014-06-17 21:39:59'),(434,'Heidi Y. Moss','MANDIRI',16215903123,'2014-09-24','2014-06-17 21:39:59'),(435,'Baxter C. Craft','MANDIRI',23165717779,'2015-01-22','2014-06-17 21:39:59'),(436,'Ross K. Manning','MANDIRI',16653506795,'2015-02-11','2014-06-17 21:39:59'),(437,'Jayme P. Cummings','MANDIRI',91119142031,'2014-08-04','2014-06-17 21:39:59'),(438,'Jerome K. House','MANDIRI',32346772183,'2015-02-05','2014-06-17 21:39:59'),(439,'Winifred V. Keller','MANDIRI',97916199732,'2015-03-21','2014-06-17 21:39:59'),(440,'Juliet F. Davenport','MANDIRI',74913761666,'2015-04-19','2014-06-17 21:39:59'),(441,'Brenna H. Peck','MANDIRI',66563767372,'2015-06-24','2014-06-17 21:39:59'),(442,'Kessie Y. Hopkins','MANDIRI',75910615047,'2014-08-26','2014-06-17 21:39:59'),(443,'Ethan J. Oneal','MANDIRI',13171136040,'2015-04-08','2014-06-17 21:39:59'),(444,'Felix Q. Kim','MANDIRI',13904914696,'2014-11-30','2014-06-17 21:39:59');
INSERT INTO `sumbangan_old` VALUES (445,'Destiny J. Medina','MANDIRI',93169369696,'2015-04-10','2014-06-17 21:39:59'),(446,'Laura B. Wiggins','MANDIRI',81220869409,'2014-07-14','2014-06-17 21:39:59'),(447,'Lev S. Lott','MANDIRI',49547690181,'2014-07-14','2014-06-17 21:39:59'),(448,'Kiara E. Hardin','MANDIRI',2520443456,'2014-08-26','2014-06-17 21:39:59'),(449,'Lev E. Noel','MANDIRI',43632197324,'2014-09-18','2014-06-17 21:39:59'),(450,'Merritt I. Lester','MANDIRI',75748790571,'2015-07-09','2014-06-17 21:39:59'),(451,'Harrison P. Franklin','MANDIRI',13524789070,'2014-07-08','2014-06-17 21:39:59'),(452,'Harding X. Jordan','MANDIRI',59446574088,'2015-04-24','2014-06-17 21:39:59'),(453,'Craig R. Curtis','MANDIRI',86701399021,'2015-03-17','2014-06-17 21:39:59'),(454,'Curran K. Garcia','MANDIRI',75627598846,'2014-08-29','2014-06-17 21:39:59'),(455,'Alyssa Z. Curry','MANDIRI',93633601612,'2015-07-28','2014-06-17 21:39:59'),(456,'Abra C. Schwartz','MANDIRI',4984296242,'2015-01-19','2014-06-17 21:39:59'),(457,'Theodore N. Mckee','MANDIRI',70453165295,'2015-04-01','2014-06-17 21:39:59'),(458,'Clark E. Good','MANDIRI',76479964109,'2014-10-23','2014-06-17 21:39:59'),(459,'Dara C. Figueroa','MANDIRI',64872801556,'2015-03-30','2014-06-17 21:39:59'),(460,'Natalie P. Cole','MANDIRI',79561571433,'2014-12-19','2014-06-17 21:39:59'),(461,'Dara L. Herrera','MANDIRI',77519964510,'2015-04-24','2014-06-17 21:39:59'),(462,'Brianna B. Hobbs','MANDIRI',59294870805,'2014-07-17','2014-06-17 21:39:59'),(463,'Jasper Z. Keith','MANDIRI',79884632465,'2015-07-05','2014-06-17 21:39:59'),(464,'Lucas Q. Rosales','MANDIRI',60648728325,'2014-10-02','2014-06-17 21:39:59'),(465,'Freya Y. Hoover','MANDIRI',64156631879,'2015-04-11','2014-06-17 21:39:59'),(466,'Lacota Q. Watson','MANDIRI',2800835109,'2015-03-16','2014-06-17 21:39:59'),(467,'Kellie R. Serrano','MANDIRI',8101836736,'2015-02-04','2014-06-17 21:39:59'),(468,'Tiger X. Nixon','MANDIRI',19775608997,'2014-10-21','2014-06-17 21:39:59'),(469,'Myra X. Ingram','MANDIRI',36203112942,'2014-10-14','2014-06-17 21:39:59'),(470,'Wanda O. Stanton','MANDIRI',51237109756,'2015-07-02','2014-06-17 21:39:59'),(471,'Kelly O. Howard','MANDIRI',96944724934,'2014-08-13','2014-06-17 21:39:59'),(472,'Ulla R. Henry','MANDIRI',97830805294,'2014-08-23','2014-06-17 21:39:59'),(473,'Hannah Z. Benjamin','MANDIRI',70259382068,'2014-12-14','2014-06-17 21:39:59'),(474,'Simone C. Leach','MANDIRI',51790523588,'2014-10-11','2014-06-17 21:39:59'),(475,'Noelle X. Torres','MANDIRI',1654556915,'2014-12-26','2014-06-17 21:39:59'),(476,'Burton D. Whitehead','MANDIRI',62212071936,'2014-12-22','2014-06-17 21:39:59'),(477,'Irma R. Herrera','MANDIRI',61368915051,'2014-12-24','2014-06-17 21:39:59'),(478,'Kelly X. Gillespie','MANDIRI',89598249660,'2015-05-03','2014-06-17 21:39:59'),(479,'Oren H. Pollard','MANDIRI',14276174680,'2014-06-28','2014-06-17 21:39:59'),(480,'Camille V. Rogers','MANDIRI',55627610652,'2015-07-16','2014-06-17 21:39:59'),(481,'Alec S. Moody','MANDIRI',10107647129,'2014-08-29','2014-06-17 21:39:59'),(482,'Idona Y. Russo','MANDIRI',83508190822,'2014-11-15','2014-06-17 21:39:59'),(483,'Amanda M. Suarez','MANDIRI',72953862176,'2014-09-28','2014-06-17 21:39:59'),(484,'Ayanna P. Burton','MANDIRI',73235635098,'2015-02-16','2014-06-17 21:39:59'),(485,'Christine S. Gray','MANDIRI',63002659575,'2014-08-20','2014-06-17 21:39:59'),(486,'Flavia X. Allison','MANDIRI',25044976010,'2015-02-22','2014-06-17 21:39:59'),(487,'Jelani I. Mccoy','MANDIRI',52669790265,'2014-07-14','2014-06-17 21:39:59'),(488,'Jonah I. Key','MANDIRI',96190979189,'2014-08-17','2014-06-17 21:39:59'),(489,'Lael W. Benjamin','MANDIRI',45537758010,'2014-07-02','2014-06-17 21:39:59'),(490,'Karina G. Pickett','MANDIRI',71605906017,'2015-07-16','2014-06-17 21:39:59'),(491,'Abel J. Bowen','MANDIRI',56474036104,'2014-07-28','2014-06-17 21:39:59'),(492,'Linus V. Reese','MANDIRI',63401411431,'2014-11-08','2014-06-17 21:39:59'),(493,'MacKenzie Q. Barnes','MANDIRI',44375367098,'2015-03-12','2014-06-17 21:39:59'),(494,'Finn Z. Prince','MANDIRI',28813398612,'2014-06-15','2014-06-17 21:39:59'),(495,'Peter V. Zamora','MANDIRI',34167768625,'2014-11-29','2014-06-17 21:39:59'),(496,'Urielle G. Gay','MANDIRI',93120085041,'2014-09-04','2014-06-17 21:39:59'),(497,'Orlando Q. Santos','MANDIRI',32790930375,'2015-05-04','2014-06-17 21:39:59'),(498,'Camille C. Hunter','MANDIRI',74608108403,'2014-08-11','2014-06-17 21:39:59'),(499,'Emma Y. Bowen','MANDIRI',19724489674,'2014-08-04','2014-06-17 21:39:59'),(500,'Amela Y. Sharpe','MANDIRI',70889810298,'2015-05-29','2014-06-17 21:39:59'),(501,'Wayne','MANDIRI',29980772866,'2015-07-20','2014-06-17 21:39:59'),(502,'Edward','MANDIRI',14476803465,'2015-06-06','2014-06-17 21:39:59'),(503,'Kieran','MANDIRI',83927373565,'2014-06-04','2014-06-17 21:39:59'),(504,'Rudyard','MANDIRI',30465210920,'2014-08-07','2014-06-17 21:39:59'),(505,'Tad','MANDIRI',52329323062,'2015-04-08','2014-06-17 21:39:59'),(506,'Erich','MANDIRI',18702939447,'2014-11-06','2014-06-17 21:39:59'),(507,'Harding','MANDIRI',86950394698,'2014-07-01','2014-06-17 21:39:59'),(508,'Henry','MANDIRI',91535960576,'2014-08-27','2014-06-17 21:39:59'),(509,'Elmo','MANDIRI',94353974721,'2014-09-28','2014-06-17 21:39:59'),(510,'Cade','MANDIRI',5913156681,'2015-06-10','2014-06-17 21:39:59'),(511,'Plato','MANDIRI',19550677936,'2015-06-16','2014-06-17 21:39:59'),(512,'Neil','MANDIRI',27155190575,'2014-08-21','2014-06-17 21:39:59'),(513,'Phillip','MANDIRI',88934925979,'2015-03-01','2014-06-17 21:39:59'),(514,'Chancellor','MANDIRI',83717797730,'2015-07-21','2014-06-17 21:39:59'),(515,'Len','MANDIRI',71433635362,'2015-07-23','2014-06-17 21:39:59'),(516,'Jamal','MANDIRI',94297673100,'2014-07-26','2014-06-17 21:39:59'),(517,'Boris','MANDIRI',74962274894,'2015-05-11','2014-06-17 21:39:59'),(518,'Allistair','MANDIRI',14642435653,'2014-07-12','2014-06-17 21:39:59'),(519,'Burton','MANDIRI',28532967424,'2015-04-09','2014-06-17 21:39:59'),(520,'Rooney','MANDIRI',45797648114,'2014-06-27','2014-06-17 21:39:59'),(521,'Silas','MANDIRI',39961724491,'2014-08-06','2014-06-17 21:39:59'),(522,'Hyatt','MANDIRI',74425027468,'2015-02-20','2014-06-17 21:39:59'),(523,'James','MANDIRI',60301042697,'2014-09-19','2014-06-17 21:39:59'),(524,'Blake','MANDIRI',77901715165,'2014-10-09','2014-06-17 21:39:59'),(525,'Joel','MANDIRI',71778078289,'2014-07-25','2014-06-17 21:39:59'),(526,'Colorado','MANDIRI',61560710498,'2015-03-17','2014-06-17 21:39:59'),(527,'Ivor','MANDIRI',36573690349,'2014-08-22','2014-06-17 21:39:59'),(528,'Ashton','MANDIRI',18537717845,'2014-10-07','2014-06-17 21:39:59'),(529,'Stewart','MANDIRI',52722027504,'2015-01-16','2014-06-17 21:39:59'),(530,'Forrest','MANDIRI',62202475123,'2015-02-22','2014-06-17 21:39:59'),(531,'Erasmus','MANDIRI',24193426887,'2015-06-20','2014-06-17 21:39:59'),(532,'Brenden','MANDIRI',15435839145,'2015-06-03','2014-06-17 21:39:59'),(533,'Holmes','MANDIRI',78088446336,'2015-05-26','2014-06-17 21:39:59'),(534,'Knox','MANDIRI',459573104,'2015-02-02','2014-06-17 21:39:59'),(535,'Ivor','MANDIRI',1225720723,'2014-08-24','2014-06-17 21:39:59'),(536,'Owen','MANDIRI',25709775884,'2015-03-22','2014-06-17 21:39:59'),(537,'Demetrius','MANDIRI',11076771606,'2014-09-10','2014-06-17 21:39:59'),(538,'Dieter','MANDIRI',50791745885,'2014-08-13','2014-06-17 21:39:59'),(539,'Hakeem','MANDIRI',10798137707,'2014-07-18','2014-06-17 21:39:59'),(540,'Acton','MANDIRI',86484355212,'2015-01-11','2014-06-17 21:39:59'),(541,'Ethan','MANDIRI',87298344519,'2015-05-10','2014-06-17 21:39:59'),(542,'Rogan','MANDIRI',11798375340,'2015-01-31','2014-06-17 21:39:59'),(543,'Travis','MANDIRI',70698599338,'2014-07-28','2014-06-17 21:39:59'),(544,'Malcolm','MANDIRI',27501079390,'2015-03-28','2014-06-17 21:39:59'),(545,'Prescott','MANDIRI',68646093322,'2014-10-07','2014-06-17 21:39:59'),(546,'Ethan','MANDIRI',69895010995,'2014-07-20','2014-06-17 21:39:59'),(547,'Erasmus','MANDIRI',96527111260,'2014-07-18','2014-06-17 21:39:59'),(548,'Allistair','MANDIRI',53762389057,'2015-07-15','2014-06-17 21:39:59'),(549,'Steel','MANDIRI',12174608540,'2014-06-05','2014-06-17 21:39:59'),(550,'Chancellor','MANDIRI',92550354695,'2015-03-30','2014-06-17 21:39:59'),(551,'Wayne','MANDIRI',86849649436,'2014-09-03','2014-06-17 21:39:59'),(552,'Silas','MANDIRI',15590266757,'2015-02-06','2014-06-17 21:39:59'),(553,'Ray','MANDIRI',71087750994,'2014-08-27','2014-06-17 21:39:59'),(554,'Ali','MANDIRI',49868189062,'2015-05-06','2014-06-17 21:39:59'),(555,'Maxwell','MANDIRI',92421192583,'2015-01-19','2014-06-17 21:39:59'),(556,'Nicholas','MANDIRI',18110020522,'2015-04-07','2014-06-17 21:39:59'),(557,'Nasim','MANDIRI',73184045512,'2014-08-18','2014-06-17 21:39:59'),(558,'Yasir','MANDIRI',49401169242,'2014-06-24','2014-06-17 21:39:59'),(559,'Brian','MANDIRI',85527543831,'2014-12-06','2014-06-17 21:39:59'),(560,'Clinton','MANDIRI',99385193774,'2015-06-14','2014-06-17 21:39:59'),(561,'Holmes','MANDIRI',49638479769,'2015-04-07','2014-06-17 21:39:59'),(562,'Francis','MANDIRI',41750565571,'2014-09-13','2014-06-17 21:39:59'),(563,'Dane','MANDIRI',87629877673,'2014-06-17','2014-06-17 21:39:59'),(564,'Kamal','MANDIRI',69388028409,'2014-08-12','2014-06-17 21:39:59'),(565,'Owen','MANDIRI',58757064367,'2015-06-19','2014-06-17 21:39:59'),(566,'Wade','MANDIRI',310745617,'2014-08-17','2014-06-17 21:39:59'),(567,'Oliver','MANDIRI',30080242380,'2015-07-24','2014-06-17 21:39:59'),(568,'George','MANDIRI',49246768793,'2014-12-23','2014-06-17 21:39:59'),(569,'Dustin','MANDIRI',55463032967,'2014-07-06','2014-06-17 21:39:59'),(570,'Zane','MANDIRI',20486523933,'2014-08-18','2014-06-17 21:39:59'),(571,'Rashad','MANDIRI',42023994365,'2014-09-07','2014-06-17 21:39:59'),(572,'Bevis','MANDIRI',375250911,'2014-08-04','2014-06-17 21:39:59'),(573,'Nigel','MANDIRI',2600360960,'2014-10-18','2014-06-17 21:39:59'),(574,'Richard','MANDIRI',46708882353,'2015-05-12','2014-06-17 21:39:59'),(575,'Wade','MANDIRI',23622635043,'2014-06-29','2014-06-17 21:39:59'),(576,'Blaze','MANDIRI',15262963085,'2014-12-09','2014-06-17 21:39:59'),(577,'Hunter','MANDIRI',4878348567,'2015-02-17','2014-06-17 21:39:59'),(578,'Slade','MANDIRI',22151828273,'2015-03-07','2014-06-17 21:39:59'),(579,'Nasim','MANDIRI',35904907639,'2014-07-17','2014-06-17 21:39:59'),(580,'Quentin','MANDIRI',64453855195,'2015-01-09','2014-06-17 21:39:59'),(581,'Justin','MANDIRI',66324703630,'2014-10-23','2014-06-17 21:39:59'),(582,'Kasimir','MANDIRI',24510976654,'2015-03-03','2014-06-17 21:39:59'),(583,'Cain','MANDIRI',8628493883,'2014-07-02','2014-06-17 21:39:59'),(584,'Justin','MANDIRI',98590105866,'2014-11-07','2014-06-17 21:39:59'),(585,'Thane','MANDIRI',73490191445,'2014-08-06','2014-06-17 21:39:59'),(586,'Addison','MANDIRI',98866965898,'2015-07-28','2014-06-17 21:39:59'),(587,'Sebastian','MANDIRI',65846957457,'2015-03-15','2014-06-17 21:39:59'),(588,'Quinlan','MANDIRI',68477190539,'2014-10-16','2014-06-17 21:39:59'),(589,'Clark','MANDIRI',91874230068,'2015-07-16','2014-06-17 21:39:59'),(590,'Benedict','MANDIRI',88977898723,'2014-11-17','2014-06-17 21:39:59'),(591,'Aladdin','MANDIRI',24336733331,'2014-08-11','2014-06-17 21:39:59'),(592,'Gage','MANDIRI',89699157648,'2015-01-06','2014-06-17 21:39:59'),(593,'Donovan','MANDIRI',35623546224,'2015-05-02','2014-06-17 21:39:59'),(594,'Dante','MANDIRI',10285595765,'2014-06-22','2014-06-17 21:39:59'),(595,'Isaiah','MANDIRI',33573483787,'2014-08-04','2014-06-17 21:39:59'),(596,'Keane','MANDIRI',76023164402,'2014-09-10','2014-06-17 21:39:59'),(597,'Ahmed','MANDIRI',90122151618,'2015-01-12','2014-06-17 21:39:59'),(598,'Jesse','MANDIRI',29950455654,'2014-11-19','2014-06-17 21:39:59'),(599,'Vincent','MANDIRI',58456341443,'2015-01-01','2014-06-17 21:39:59'),(600,'August','MANDIRI',58691802374,'2014-09-30','2014-06-17 21:39:59'),(5501,'Eddy Subratha','BCA',3000000000,'2014-04-01','2014-06-20 07:07:20');
/*!40000 ALTER TABLE `sumbangan_old` ENABLE KEYS */;

#
# Structure for table "user"
#

DROP TABLE IF EXISTS `user`;
CREATE TABLE `user` (
  `id_user` int(11) NOT NULL auto_increment,
  `id_group` int(2) NOT NULL,
  `username` varchar(16) NOT NULL,
  `password` varchar(32) NOT NULL,
  `nama` varchar(45) default NULL,
  `email` varchar(255) default NULL,
  `create_time` timestamp NULL default CURRENT_TIMESTAMP on update CURRENT_TIMESTAMP,
  PRIMARY KEY  (`id_user`),
  UNIQUE KEY `username_UNIQUE` (`username`),
  KEY `fk_user_group1_idx` (`id_group`)
) ENGINE=MyISAM AUTO_INCREMENT=3 DEFAULT CHARSET=utf8;

#
# Data for table "user"
#

/*!40000 ALTER TABLE `user` DISABLE KEYS */;
INSERT INTO `user` VALUES (1,1,'admin','a07f252f552f457240e9fa72f59d1b1c','Eddy Subratha','eddy.subratha@gmail.com','2014-06-17 14:01:04'),(2,2,'danu','c4ca4238a0b923820dcc509a6f75849b','Danu Iman Azhari','dan.nue@gmail.com','2014-06-18 21:33:26');
/*!40000 ALTER TABLE `user` ENABLE KEYS */;

#
# Structure for table "user_group"
#

DROP TABLE IF EXISTS `user_group`;
CREATE TABLE `user_group` (
  `id_group` int(2) NOT NULL auto_increment,
  `nama_group` varchar(45) default NULL,
  PRIMARY KEY  (`id_group`)
) ENGINE=MyISAM AUTO_INCREMENT=3 DEFAULT CHARSET=utf8;

#
# Data for table "user_group"
#

/*!40000 ALTER TABLE `user_group` DISABLE KEYS */;
INSERT INTO `user_group` VALUES (1,'Administrator'),(2,'Operator');
/*!40000 ALTER TABLE `user_group` ENABLE KEYS */;
